{
  "breakthrough_ratio": 0.30526315789473685,
  "buckets": [
    {
      "count": 11,
      "d": 0,
      "r": 8
    },
    {
      "count": 26,
      "d": 0,
      "r": 9
    },
    {
      "count": 29,
      "d": 0,
      "r": 10
    },
    {
      "count": 29,
      "d": 1,
      "r": 0
    }
  ],
  "meta_fixed_point_target": 0.3333333333333333,
  "total": 95
}