{
  "reality_map_version": "v9.4",
  "reality_map_total_nodes": 4138,
  "generated": "2026-04-09T15:52:02",
  "script": "monte_carlo_n6_v9_3.py",
  "seed": 20260409,
  "n_trials": 10000,
  "random_set_size": 7,
  "random_range": [
    1,
    30
  ],
  "previous_v5.0": {
    "natural_big_z": 3.06,
    "engineering_z": 1.75
  },
  "target_z_gt": 5.0,
  "results": {
    "full": {
      "label": "FULL (1..10^4)",
      "n_targets": 2000,
      "max_result": 10000,
      "match_mode": "exact",
      "match_tol": 0.0,
      "n6_constants": [
        6,
        12,
        4,
        2,
        5,
        24,
        1
      ],
      "n6_reachable_size": 51,
      "n6_hits": 1398,
      "n6_hit_rate": 0.699,
      "n_trials": 10000,
      "random_mean": 1212.6713,
      "random_std": 181.278350214001,
      "random_min": 283,
      "random_max": 1529,
      "z_score": 1.0223432626191575,
      "p_value": 0.1288,
      "count_ge": 1288,
      "efficiency": {
        "n6_efficiency": 27.41176470588235,
        "random_mean": 20.66104187339857,
        "random_std": 3.5110812208992885,
        "z_score": 1.9226905923739148,
        "p_value": 0.0455
      },
      "size_matched": {
        "n_matched": 2469,
        "size_tolerance": 5,
        "random_mean": 1152.9777237748076,
        "random_std": 167.45841479733062,
        "z_score": 1.4631828237579745,
        "p_value": 0.02713649250708789
      }
    },
    "natural_big": {
      "label": "NATURAL_BIG (100..10^9, log±0.01)",
      "n_targets": 523,
      "max_result": 1000000000,
      "match_mode": "log_tol",
      "match_tol": 0.01,
      "n6_constants": [
        6,
        12,
        4,
        2,
        5,
        24,
        1
      ],
      "n6_reachable_size": 65,
      "n6_hits": 46,
      "n6_hit_rate": 0.08795411089866156,
      "n_trials": 10000,
      "random_mean": 60.9155,
      "random_std": 24.19937106104206,
      "random_min": 5,
      "random_max": 155,
      "z_score": -0.6163589938918734,
      "p_value": 0.7024,
      "count_ge": 7024,
      "efficiency": {
        "n6_efficiency": 0.7076923076923077,
        "random_mean": 0.8322108020731959,
        "random_std": 0.2975561546969695,
        "z_score": -0.4184705724124493,
        "p_value": 0.6039
      },
      "size_matched": {
        "n_matched": 2671,
        "size_tolerance": 6,
        "random_mean": 55.664545114189444,
        "random_std": 20.87156919728695,
        "z_score": -0.4630483229524361,
        "p_value": 0.6312242605765631
      }
    }
  },
  "passed_target": {
    "full_hit_z_gt_5": false,
    "full_best_z": 1.9226905923739148,
    "natural_big_hit_z_gt_5": false,
    "natural_big_best_z": -0.4184705724124493
  }
}